<application>
  <component name="WebServers">
    <option name="servers">
      <webServer id="fe2dec1f-b600-4de6-8b2c-f29e24d6690d" name="GPU" url="">
        <fileTransfer rootFolder="/data/jansonpang/buildspace" accessType="SFTP" host="9.135.120.241" port="36000" sshConfigId="db56c562-6434-46e2-8c4e-9e37f69ddadc" sshConfig="CVM_241" keyPair="true">
          <advancedOptions>
            <advancedOptions dataProtectionLevel="Private" keepAliveTimeout="0" passiveMode="true" shareSSLContext="true" />
          </advancedOptions>
        </fileTransfer>
      </webServer>
    </option>
  </component>
</application>